[{"model": "admin.logentry", "pk": 1, "fields": {"action_time": "2022-01-30T12:51:57.498Z", "user": 1, "content_type": 7, "object_id": "3", "object_repr": "high chair", "action_flag": 2, "change_message": "[{\"changed\": {\"fields\": [\"\\u041a\\u0430\\u0440\\u0442\\u0438\\u043d\\u043a\\u0430\"]}}]"}}, {"model": "admin.logentry", "pk": 2, "fields": {"action_time": "2022-01-30T12:52:29.165Z", "user": 1, "content_type": 7, "object_id": "2", "object_repr": "Chair", "action_flag": 2, "change_message": "[]"}}, {"model": "admin.logentry", "pk": 3, "fields": {"action_time": "2022-01-30T13:27:57.153Z", "user": 1, "content_type": 7, "object_id": "2", "object_repr": "Chair", "action_flag": 2, "change_message": "[{\"changed\": {\"fields\": [\"\\u041a\\u0430\\u0440\\u0442\\u0438\\u043d\\u043a\\u0430\"]}}]"}}, {"model": "admin.logentry", "pk": 4, "fields": {"action_time": "2022-01-30T13:28:17.003Z", "user": 1, "content_type": 7, "object_id": "2", "object_repr": "Chair", "action_flag": 2, "change_message": "[{\"changed\": {\"fields\": [\"\\u041a\\u0430\\u0440\\u0442\\u0438\\u043d\\u043a\\u0430\"]}}]"}}, {"model": "admin.logentry", "pk": 5, "fields": {"action_time": "2022-01-30T13:29:25.908Z", "user": 1, "content_type": 7, "object_id": "4", "object_repr": "table1", "action_flag": 1, "change_message": "[{\"added\": {}}]"}}, {"model": "admin.logentry", "pk": 6, "fields": {"action_time": "2022-01-30T13:30:20.298Z", "user": 1, "content_type": 7, "object_id": "5", "object_repr": "table2", "action_flag": 1, "change_message": "[{\"added\": {}}]"}}, {"model": "admin.logentry", "pk": 7, "fields": {"action_time": "2022-01-30T13:30:45.036Z", "user": 1, "content_type": 6, "object_id": "5", "object_repr": "lamp", "action_flag": 1, "change_message": "[{\"added\": {}}]"}}, {"model": "admin.logentry", "pk": 8, "fields": {"action_time": "2022-01-30T13:30:52.521Z", "user": 1, "content_type": 6, "object_id": "5", "object_repr": "lamps", "action_flag": 2, "change_message": "[{\"changed\": {\"fields\": [\"\\u0418\\u043c\\u044f\"]}}]"}}, {"model": "admin.logentry", "pk": 9, "fields": {"action_time": "2022-01-30T13:31:14.977Z", "user": 1, "content_type": 7, "object_id": "6", "object_repr": "lamp1", "action_flag": 1, "change_message": "[{\"added\": {}}]"}}, {"model": "admin.logentry", "pk": 10, "fields": {"action_time": "2022-01-30T13:31:24.833Z", "user": 1, "content_type": 6, "object_id": "5", "object_repr": "Lamps", "action_flag": 2, "change_message": "[{\"changed\": {\"fields\": [\"\\u0418\\u043c\\u044f\"]}}]"}}, {"model": "admin.logentry", "pk": 11, "fields": {"action_time": "2022-01-30T13:32:10.839Z", "user": 1, "content_type": 7, "object_id": "7", "object_repr": "lamp2", "action_flag": 1, "change_message": "[{\"added\": {}}]"}}, {"model": "admin.logentry", "pk": 12, "fields": {"action_time": "2022-01-30T13:32:34.656Z", "user": 1, "content_type": 7, "object_id": "8", "object_repr": "lamp3", "action_flag": 1, "change_message": "[{\"added\": {}}]"}}, {"model": "admin.logentry", "pk": 13, "fields": {"action_time": "2022-01-30T13:33:02.576Z", "user": 1, "content_type": 7, "object_id": "9", "object_repr": "lamp4", "action_flag": 1, "change_message": "[{\"added\": {}}]"}}, {"model": "admin.logentry", "pk": 14, "fields": {"action_time": "2022-01-30T13:33:27.058Z", "user": 1, "content_type": 7, "object_id": "10", "object_repr": "lapm5", "action_flag": 1, "change_message": "[{\"added\": {}}]"}}, {"model": "admin.logentry", "pk": 15, "fields": {"action_time": "2022-02-01T17:54:31.984Z", "user": 1, "content_type": 7, "object_id": "10", "object_repr": "lapm5", "action_flag": 2, "change_message": "[{\"changed\": {\"fields\": [\"\\u041e\\u043f\\u0438\\u0441\\u0430\\u043d\\u0438\\u0435\"]}}]"}}, {"model": "admin.logentry", "pk": 16, "fields": {"action_time": "2022-02-01T17:55:18.367Z", "user": 1, "content_type": 7, "object_id": "9", "object_repr": "lamp4", "action_flag": 2, "change_message": "[{\"changed\": {\"fields\": [\"\\u041e\\u043f\\u0438\\u0441\\u0430\\u043d\\u0438\\u0435\"]}}]"}}, {"model": "admin.logentry", "pk": 17, "fields": {"action_time": "2022-02-01T17:55:36.432Z", "user": 1, "content_type": 7, "object_id": "8", "object_repr": "lamp3", "action_flag": 2, "change_message": "[{\"changed\": {\"fields\": [\"\\u041e\\u043f\\u0438\\u0441\\u0430\\u043d\\u0438\\u0435\"]}}]"}}, {"model": "admin.logentry", "pk": 18, "fields": {"action_time": "2022-02-01T17:55:46.855Z", "user": 1, "content_type": 7, "object_id": "10", "object_repr": "lapm5", "action_flag": 2, "change_message": "[{\"changed\": {\"fields\": [\"\\u041a\\u043e\\u043b\\u0438\\u0447\\u0435\\u0441\\u0442\\u0432\\u043e\"]}}]"}}, {"model": "admin.logentry", "pk": 19, "fields": {"action_time": "2022-02-01T17:56:11.783Z", "user": 1, "content_type": 7, "object_id": "7", "object_repr": "lamp2", "action_flag": 2, "change_message": "[{\"changed\": {\"fields\": [\"\\u041e\\u043f\\u0438\\u0441\\u0430\\u043d\\u0438\\u0435\"]}}]"}}, {"model": "admin.logentry", "pk": 20, "fields": {"action_time": "2022-02-01T17:56:52.713Z", "user": 1, "content_type": 7, "object_id": "6", "object_repr": "lamp1", "action_flag": 2, "change_message": "[{\"changed\": {\"fields\": [\"\\u041e\\u043f\\u0438\\u0441\\u0430\\u043d\\u0438\\u0435\"]}}]"}}, {"model": "admin.logentry", "pk": 21, "fields": {"action_time": "2022-02-01T17:57:10.807Z", "user": 1, "content_type": 7, "object_id": "5", "object_repr": "table2", "action_flag": 2, "change_message": "[{\"changed\": {\"fields\": [\"\\u041e\\u043f\\u0438\\u0441\\u0430\\u043d\\u0438\\u0435\", \"\\u041a\\u043e\\u043b\\u0438\\u0447\\u0435\\u0441\\u0442\\u0432\\u043e\"]}}]"}}, {"model": "admin.logentry", "pk": 22, "fields": {"action_time": "2022-02-01T17:57:33.790Z", "user": 1, "content_type": 7, "object_id": "4", "object_repr": "table1", "action_flag": 2, "change_message": "[{\"changed\": {\"fields\": [\"\\u041e\\u043f\\u0438\\u0441\\u0430\\u043d\\u0438\\u0435\"]}}]"}}, {"model": "admin.logentry", "pk": 23, "fields": {"action_time": "2022-02-01T17:57:55.357Z", "user": 1, "content_type": 7, "object_id": "3", "object_repr": "high chair", "action_flag": 2, "change_message": "[{\"changed\": {\"fields\": [\"\\u041e\\u043f\\u0438\\u0441\\u0430\\u043d\\u0438\\u0435\", \"\\u041a\\u043e\\u043b\\u0438\\u0447\\u0435\\u0441\\u0442\\u0432\\u043e\"]}}]"}}, {"model": "admin.logentry", "pk": 24, "fields": {"action_time": "2022-02-01T17:58:19.763Z", "user": 1, "content_type": 7, "object_id": "2", "object_repr": "Chair", "action_flag": 2, "change_message": "[{\"changed\": {\"fields\": [\"\\u0426\\u0435\\u043d\\u0430\", \"\\u041e\\u043f\\u0438\\u0441\\u0430\\u043d\\u0438\\u0435\", \"\\u041a\\u043e\\u043b\\u0438\\u0447\\u0435\\u0441\\u0442\\u0432\\u043e\"]}}]"}}, {"model": "admin.logentry", "pk": 25, "fields": {"action_time": "2022-02-03T06:12:54.019Z", "user": 1, "content_type": 7, "object_id": "5", "object_repr": "table2", "action_flag": 2, "change_message": "[]"}}, {"model": "admin.logentry", "pk": 26, "fields": {"action_time": "2022-02-03T06:14:34.899Z", "user": 1, "content_type": 7, "object_id": "2", "object_repr": "chair", "action_flag": 2, "change_message": "[{\"changed\": {\"fields\": [\"\\u0418\\u043c\\u044f\"]}}]"}}, {"model": "admin.logentry", "pk": 27, "fields": {"action_time": "2022-02-03T06:14:49.491Z", "user": 1, "content_type": 7, "object_id": "3", "object_repr": "high chair", "action_flag": 2, "change_message": "[{\"changed\": {\"fields\": [\"\\u0426\\u0435\\u043d\\u0430\"]}}]"}}, {"model": "admin.logentry", "pk": 28, "fields": {"action_time": "2022-02-09T09:43:12.170Z", "user": 1, "content_type": 7, "object_id": "17", "object_repr": "new_chair", "action_flag": 3, "change_message": ""}}, {"model": "admin.logentry", "pk": 29, "fields": {"action_time": "2022-02-09T09:43:32.848Z", "user": 1, "content_type": 7, "object_id": "16", "object_repr": "new_chair1", "action_flag": 2, "change_message": "[{\"changed\": {\"fields\": [\"\\u0418\\u043c\\u044f\", \"\\u041a\\u0430\\u0440\\u0442\\u0438\\u043d\\u043a\\u0430\"]}}]"}}, {"model": "admin.logentry", "pk": 30, "fields": {"action_time": "2022-02-09T09:43:44.017Z", "user": 1, "content_type": 7, "object_id": "15", "object_repr": "new_chair2", "action_flag": 2, "change_message": "[{\"changed\": {\"fields\": [\"\\u0418\\u043c\\u044f\", \"\\u041a\\u0430\\u0440\\u0442\\u0438\\u043d\\u043a\\u0430\"]}}]"}}, {"model": "admin.logentry", "pk": 31, "fields": {"action_time": "2022-02-09T09:44:07.637Z", "user": 1, "content_type": 7, "object_id": "14", "object_repr": "new_chair3", "action_flag": 2, "change_message": "[{\"changed\": {\"fields\": [\"\\u0418\\u043c\\u044f\", \"\\u041a\\u0430\\u0440\\u0442\\u0438\\u043d\\u043a\\u0430\"]}}]"}}, {"model": "admin.logentry", "pk": 32, "fields": {"action_time": "2022-02-09T09:44:22.503Z", "user": 1, "content_type": 7, "object_id": "13", "object_repr": "new_chair4", "action_flag": 2, "change_message": "[{\"changed\": {\"fields\": [\"\\u0418\\u043c\\u044f\", \"\\u041a\\u0430\\u0440\\u0442\\u0438\\u043d\\u043a\\u0430\"]}}]"}}, {"model": "admin.logentry", "pk": 33, "fields": {"action_time": "2022-02-09T09:44:33.193Z", "user": 1, "content_type": 7, "object_id": "12", "object_repr": "new_chair5", "action_flag": 2, "change_message": "[{\"changed\": {\"fields\": [\"\\u0418\\u043c\\u044f\", \"\\u041a\\u0430\\u0440\\u0442\\u0438\\u043d\\u043a\\u0430\"]}}]"}}, {"model": "admin.logentry", "pk": 34, "fields": {"action_time": "2022-02-09T09:44:44.801Z", "user": 1, "content_type": 7, "object_id": "11", "object_repr": "new_chair6", "action_flag": 2, "change_message": "[{\"changed\": {\"fields\": [\"\\u0418\\u043c\\u044f\", \"\\u041a\\u0430\\u0440\\u0442\\u0438\\u043d\\u043a\\u0430\"]}}]"}}, {"model": "admin.logentry", "pk": 35, "fields": {"action_time": "2022-02-22T08:21:06.369Z", "user": 1, "content_type": 8, "object_id": "1", "object_repr": "admin", "action_flag": 2, "change_message": "[{\"changed\": {\"fields\": [\"First name\", \"Last name\", \"Email address\", \"City\"]}}]"}}, {"model": "admin.logentry", "pk": 36, "fields": {"action_time": "2022-02-25T12:27:56.611Z", "user": 1, "content_type": 7, "object_id": "8", "object_repr": "lamp3", "action_flag": 2, "change_message": "[{\"changed\": {\"fields\": [\"\\u041a\\u043e\\u043b\\u0438\\u0447\\u0435\\u0441\\u0442\\u0432\\u043e\"]}}]"}}, {"model": "admin.logentry", "pk": 37, "fields": {"action_time": "2022-02-25T12:28:00.964Z", "user": 1, "content_type": 7, "object_id": "8", "object_repr": "lamp3", "action_flag": 2, "change_message": "[]"}}, {"model": "admin.logentry", "pk": 38, "fields": {"action_time": "2022-02-25T12:28:08.336Z", "user": 1, "content_type": 7, "object_id": "7", "object_repr": "lamp2", "action_flag": 2, "change_message": "[{\"changed\": {\"fields\": [\"\\u041a\\u043e\\u043b\\u0438\\u0447\\u0435\\u0441\\u0442\\u0432\\u043e\"]}}]"}}, {"model": "admin.logentry", "pk": 39, "fields": {"action_time": "2022-02-25T12:28:16.495Z", "user": 1, "content_type": 7, "object_id": "6", "object_repr": "lamp1", "action_flag": 2, "change_message": "[{\"changed\": {\"fields\": [\"\\u041a\\u043e\\u043b\\u0438\\u0447\\u0435\\u0441\\u0442\\u0432\\u043e\"]}}]"}}, {"model": "admin.logentry", "pk": 40, "fields": {"action_time": "2022-02-25T12:28:51.701Z", "user": 1, "content_type": 7, "object_id": "13", "object_repr": "new_chair4", "action_flag": 2, "change_message": "[{\"changed\": {\"fields\": [\"\\u041a\\u043e\\u043b\\u0438\\u0447\\u0435\\u0441\\u0442\\u0432\\u043e\"]}}]"}}, {"model": "admin.logentry", "pk": 41, "fields": {"action_time": "2022-02-25T12:29:06.766Z", "user": 1, "content_type": 7, "object_id": "14", "object_repr": "new_chair3", "action_flag": 2, "change_message": "[{\"changed\": {\"fields\": [\"\\u041a\\u043e\\u043b\\u0438\\u0447\\u0435\\u0441\\u0442\\u0432\\u043e\"]}}]"}}, {"model": "admin.logentry", "pk": 42, "fields": {"action_time": "2022-02-25T12:29:11.634Z", "user": 1, "content_type": 7, "object_id": "15", "object_repr": "new_chair2", "action_flag": 2, "change_message": "[{\"changed\": {\"fields\": [\"\\u041a\\u043e\\u043b\\u0438\\u0447\\u0435\\u0441\\u0442\\u0432\\u043e\"]}}]"}}, {"model": "admin.logentry", "pk": 43, "fields": {"action_time": "2022-02-25T12:29:19.088Z", "user": 1, "content_type": 7, "object_id": "16", "object_repr": "new_chair1", "action_flag": 2, "change_message": "[{\"changed\": {\"fields\": [\"\\u041a\\u043e\\u043b\\u0438\\u0447\\u0435\\u0441\\u0442\\u0432\\u043e\"]}}]"}}, {"model": "admin.logentry", "pk": 44, "fields": {"action_time": "2022-02-25T12:29:28.790Z", "user": 1, "content_type": 7, "object_id": "18", "object_repr": "the absolutely new chair", "action_flag": 2, "change_message": "[{\"changed\": {\"fields\": [\"\\u041a\\u043e\\u043b\\u0438\\u0447\\u0435\\u0441\\u0442\\u0432\\u043e\"]}}]"}}, {"model": "admin.logentry", "pk": 45, "fields": {"action_time": "2022-02-25T12:30:02.602Z", "user": 1, "content_type": 7, "object_id": "7", "object_repr": "lamp2", "action_flag": 2, "change_message": "[]"}}, {"model": "auth.permission", "pk": 1, "fields": {"name": "Can add log entry", "content_type": 1, "codename": "add_logentry"}}, {"model": "auth.permission", "pk": 2, "fields": {"name": "Can change log entry", "content_type": 1, "codename": "change_logentry"}}, {"model": "auth.permission", "pk": 3, "fields": {"name": "Can delete log entry", "content_type": 1, "codename": "delete_logentry"}}, {"model": "auth.permission", "pk": 4, "fields": {"name": "Can view log entry", "content_type": 1, "codename": "view_logentry"}}, {"model": "auth.permission", "pk": 5, "fields": {"name": "Can add permission", "content_type": 2, "codename": "add_permission"}}, {"model": "auth.permission", "pk": 6, "fields": {"name": "Can change permission", "content_type": 2, "codename": "change_permission"}}, {"model": "auth.permission", "pk": 7, "fields": {"name": "Can delete permission", "content_type": 2, "codename": "delete_permission"}}, {"model": "auth.permission", "pk": 8, "fields": {"name": "Can view permission", "content_type": 2, "codename": "view_permission"}}, {"model": "auth.permission", "pk": 9, "fields": {"name": "Can add group", "content_type": 3, "codename": "add_group"}}, {"model": "auth.permission", "pk": 10, "fields": {"name": "Can change group", "content_type": 3, "codename": "change_group"}}, {"model": "auth.permission", "pk": 11, "fields": {"name": "Can delete group", "content_type": 3, "codename": "delete_group"}}, {"model": "auth.permission", "pk": 12, "fields": {"name": "Can view group", "content_type": 3, "codename": "view_group"}}, {"model": "auth.permission", "pk": 13, "fields": {"name": "Can add content type", "content_type": 4, "codename": "add_contenttype"}}, {"model": "auth.permission", "pk": 14, "fields": {"name": "Can change content type", "content_type": 4, "codename": "change_contenttype"}}, {"model": "auth.permission", "pk": 15, "fields": {"name": "Can delete content type", "content_type": 4, "codename": "delete_contenttype"}}, {"model": "auth.permission", "pk": 16, "fields": {"name": "Can view content type", "content_type": 4, "codename": "view_contenttype"}}, {"model": "auth.permission", "pk": 17, "fields": {"name": "Can add session", "content_type": 5, "codename": "add_session"}}, {"model": "auth.permission", "pk": 18, "fields": {"name": "Can change session", "content_type": 5, "codename": "change_session"}}, {"model": "auth.permission", "pk": 19, "fields": {"name": "Can delete session", "content_type": 5, "codename": "delete_session"}}, {"model": "auth.permission", "pk": 20, "fields": {"name": "Can view session", "content_type": 5, "codename": "view_session"}}, {"model": "auth.permission", "pk": 21, "fields": {"name": "Can add product category", "content_type": 6, "codename": "add_productcategory"}}, {"model": "auth.permission", "pk": 22, "fields": {"name": "Can change product category", "content_type": 6, "codename": "change_productcategory"}}, {"model": "auth.permission", "pk": 23, "fields": {"name": "Can delete product category", "content_type": 6, "codename": "delete_productcategory"}}, {"model": "auth.permission", "pk": 24, "fields": {"name": "Can view product category", "content_type": 6, "codename": "view_productcategory"}}, {"model": "auth.permission", "pk": 25, "fields": {"name": "Can add product", "content_type": 7, "codename": "add_product"}}, {"model": "auth.permission", "pk": 26, "fields": {"name": "Can change product", "content_type": 7, "codename": "change_product"}}, {"model": "auth.permission", "pk": 27, "fields": {"name": "Can delete product", "content_type": 7, "codename": "delete_product"}}, {"model": "auth.permission", "pk": 28, "fields": {"name": "Can view product", "content_type": 7, "codename": "view_product"}}, {"model": "auth.permission", "pk": 29, "fields": {"name": "Can add shop user", "content_type": 8, "codename": "add_shopuser"}}, {"model": "auth.permission", "pk": 30, "fields": {"name": "Can change shop user", "content_type": 8, "codename": "change_shopuser"}}, {"model": "auth.permission", "pk": 31, "fields": {"name": "Can delete shop user", "content_type": 8, "codename": "delete_shopuser"}}, {"model": "auth.permission", "pk": 32, "fields": {"name": "Can view shop user", "content_type": 8, "codename": "view_shopuser"}}, {"model": "auth.permission", "pk": 33, "fields": {"name": "Can add basket", "content_type": 9, "codename": "add_basket"}}, {"model": "auth.permission", "pk": 34, "fields": {"name": "Can change basket", "content_type": 9, "codename": "change_basket"}}, {"model": "auth.permission", "pk": 35, "fields": {"name": "Can delete basket", "content_type": 9, "codename": "delete_basket"}}, {"model": "auth.permission", "pk": 36, "fields": {"name": "Can view basket", "content_type": 9, "codename": "view_basket"}}, {"model": "auth.permission", "pk": 37, "fields": {"name": "Can add association", "content_type": 10, "codename": "add_association"}}, {"model": "auth.permission", "pk": 38, "fields": {"name": "Can change association", "content_type": 10, "codename": "change_association"}}, {"model": "auth.permission", "pk": 39, "fields": {"name": "Can delete association", "content_type": 10, "codename": "delete_association"}}, {"model": "auth.permission", "pk": 40, "fields": {"name": "Can view association", "content_type": 10, "codename": "view_association"}}, {"model": "auth.permission", "pk": 41, "fields": {"name": "Can add code", "content_type": 11, "codename": "add_code"}}, {"model": "auth.permission", "pk": 42, "fields": {"name": "Can change code", "content_type": 11, "codename": "change_code"}}, {"model": "auth.permission", "pk": 43, "fields": {"name": "Can delete code", "content_type": 11, "codename": "delete_code"}}, {"model": "auth.permission", "pk": 44, "fields": {"name": "Can view code", "content_type": 11, "codename": "view_code"}}, {"model": "auth.permission", "pk": 45, "fields": {"name": "Can add nonce", "content_type": 12, "codename": "add_nonce"}}, {"model": "auth.permission", "pk": 46, "fields": {"name": "Can change nonce", "content_type": 12, "codename": "change_nonce"}}, {"model": "auth.permission", "pk": 47, "fields": {"name": "Can delete nonce", "content_type": 12, "codename": "delete_nonce"}}, {"model": "auth.permission", "pk": 48, "fields": {"name": "Can view nonce", "content_type": 12, "codename": "view_nonce"}}, {"model": "auth.permission", "pk": 49, "fields": {"name": "Can add user social auth", "content_type": 13, "codename": "add_usersocialauth"}}, {"model": "auth.permission", "pk": 50, "fields": {"name": "Can change user social auth", "content_type": 13, "codename": "change_usersocialauth"}}, {"model": "auth.permission", "pk": 51, "fields": {"name": "Can delete user social auth", "content_type": 13, "codename": "delete_usersocialauth"}}, {"model": "auth.permission", "pk": 52, "fields": {"name": "Can view user social auth", "content_type": 13, "codename": "view_usersocialauth"}}, {"model": "auth.permission", "pk": 53, "fields": {"name": "Can add partial", "content_type": 14, "codename": "add_partial"}}, {"model": "auth.permission", "pk": 54, "fields": {"name": "Can change partial", "content_type": 14, "codename": "change_partial"}}, {"model": "auth.permission", "pk": 55, "fields": {"name": "Can delete partial", "content_type": 14, "codename": "delete_partial"}}, {"model": "auth.permission", "pk": 56, "fields": {"name": "Can view partial", "content_type": 14, "codename": "view_partial"}}, {"model": "auth.permission", "pk": 57, "fields": {"name": "Can add shop user profile", "content_type": 15, "codename": "add_shopuserprofile"}}, {"model": "auth.permission", "pk": 58, "fields": {"name": "Can change shop user profile", "content_type": 15, "codename": "change_shopuserprofile"}}, {"model": "auth.permission", "pk": 59, "fields": {"name": "Can delete shop user profile", "content_type": 15, "codename": "delete_shopuserprofile"}}, {"model": "auth.permission", "pk": 60, "fields": {"name": "Can view shop user profile", "content_type": 15, "codename": "view_shopuserprofile"}}, {"model": "auth.permission", "pk": 61, "fields": {"name": "Can add order", "content_type": 16, "codename": "add_order"}}, {"model": "auth.permission", "pk": 62, "fields": {"name": "Can change order", "content_type": 16, "codename": "change_order"}}, {"model": "auth.permission", "pk": 63, "fields": {"name": "Can delete order", "content_type": 16, "codename": "delete_order"}}, {"model": "auth.permission", "pk": 64, "fields": {"name": "Can view order", "content_type": 16, "codename": "view_order"}}, {"model": "auth.permission", "pk": 65, "fields": {"name": "Can add order item", "content_type": 17, "codename": "add_orderitem"}}, {"model": "auth.permission", "pk": 66, "fields": {"name": "Can change order item", "content_type": 17, "codename": "change_orderitem"}}, {"model": "auth.permission", "pk": 67, "fields": {"name": "Can delete order item", "content_type": 17, "codename": "delete_orderitem"}}, {"model": "auth.permission", "pk": 68, "fields": {"name": "Can view order item", "content_type": 17, "codename": "view_orderitem"}}, {"model": "sessions.session", "pk": "12ymqk5htahud1ma3neqta9krvlugv06", "fields": {"session_data": "e30:1nKIxh:N7ndmxMYzGtFyV-siUkA9087rswf697mwNrH8sM4UTI", "expire_date": "2022-03-02T11:59:09.839Z"}}, {"model": "sessions.session", "pk": "i5p1w7ek8i84jle2d2wc21vzy42aq03m", "fields": {"session_data": ".eJxVjEEOgjAQRe_StWloKePg0j1naGamHYsaSCisjHdXEha6_e-9_zKRtrXEreYljslcjDOn341JHnnaQbrTdJutzNO6jGx3xR602mFO-Xk93L-DQrV8a0w-eFIN0AfA3LPnTpNTpoYB-8YROVEVVgYP2HYho3CLcBbGIGDeH_z7OJ8:1nMQBO:xSQkFxtUR0wftUibBXtOySOWggVW7zGCSzQ4aWUzde0", "expire_date": "2022-03-08T08:06:02.195Z"}}, {"model": "mainapp.productcategory", "pk": 3, "fields": {"name": "Chairs", "description": "Excellent chairs"}}, {"model": "mainapp.productcategory", "pk": 4, "fields": {"name": "Tables", "description": "Excellent tables"}}, {"model": "mainapp.productcategory", "pk": 5, "fields": {"name": "Lamps", "description": "Just lamps"}}, {"model": "mainapp.product", "pk": 2, "fields": {"category": 3, "name": "chair", "price": "15.00", "color": "0", "description": "blue duet", "image": "products/product-2.jpg", "quantity": 9, "is_active": true}}, {"model": "mainapp.product", "pk": 3, "fields": {"category": 3, "name": "high chair", "price": "19.00", "color": "0", "description": "red smile", "image": "products/product-4_vco16AS.jpg", "quantity": 1, "is_active": true}}, {"model": "mainapp.product", "pk": 4, "fields": {"category": 4, "name": "table1", "price": "10.00", "color": "0", "description": "round three legs", "image": "products/slider-hotdeal_MmGGwNH.jpg", "quantity": 0, "is_active": true}}, {"model": "mainapp.product", "pk": 5, "fields": {"category": 4, "name": "table2", "price": "32.00", "color": "0", "description": "red pillow", "image": "products/product-1-lg.jpg", "quantity": 1, "is_active": true}}, {"model": "mainapp.product", "pk": 6, "fields": {"category": 5, "name": "lamp1", "price": "23.00", "color": "0", "description": "eight corners chanderlier", "image": "products/product-2-sm_v3TzpR8.jpg", "quantity": 28, "is_active": true}}, {"model": "mainapp.product", "pk": 7, "fields": {"category": 5, "name": "lamp2", "price": "25.00", "color": "0", "description": "black like a pot", "image": "products/product-5-sm_RJ2fwpE.jpg", "quantity": 5, "is_active": true}}, {"model": "mainapp.product", "pk": 8, "fields": {"category": 5, "name": "lamp3", "price": "12.00", "color": "0", "description": "zebra\r\nchanerlier\r\nunusual form", "image": "products/product-11.jpg", "quantity": 11, "is_active": true}}, {"model": "mainapp.product", "pk": 9, "fields": {"category": 5, "name": "lamp4", "price": "17.00", "color": "0", "description": "torch\r\ncurve chrom design", "image": "products/product-31_nkmOTdo.jpg", "quantity": 15, "is_active": true}}, {"model": "mainapp.product", "pk": 10, "fields": {"category": 5, "name": "lapm5", "price": "22.00", "color": "0", "description": "wall bra\r\nblack", "image": "products/product-41_6fLwJUJ.jpg", "quantity": 5, "is_active": true}}, {"model": "mainapp.product", "pk": 11, "fields": {"category": 3, "name": "new_chair6", "price": "7.00", "color": "0", "description": "the new chair add on 09.02.2022", "image": "products/slider_qH7yJWU.jpg", "quantity": 8, "is_active": true}}, {"model": "mainapp.product", "pk": 12, "fields": {"category": 3, "name": "new_chair5", "price": "7.00", "color": "0", "description": "the new chair is added on 09.02.2022", "image": "products/slider_6mGPvx6.jpg", "quantity": 8, "is_active": true}}, {"model": "mainapp.product", "pk": 13, "fields": {"category": 3, "name": "new_chair4", "price": "7.00", "color": "0", "description": "the new chair is added on 09.02.2022", "image": "products/slider_J9KR7eG.jpg", "quantity": 9, "is_active": true}}, {"model": "mainapp.product", "pk": 14, "fields": {"category": 3, "name": "new_chair3", "price": "7.00", "color": "0", "description": "the new chair is added on 09.02.2022", "image": "products/slider_dstqeho.jpg", "quantity": 10, "is_active": true}}, {"model": "mainapp.product", "pk": 15, "fields": {"category": 3, "name": "new_chair2", "price": "7.00", "color": "0", "description": "the new chair is added on 09.02.2022", "image": "products/slider_2tJYFFn.jpg", "quantity": 11, "is_active": true}}, {"model": "mainapp.product", "pk": 16, "fields": {"category": 3, "name": "new_chair1", "price": "7.00", "color": "0", "description": "the new chair is added on 09.02.2022", "image": "products/slider.jpg", "quantity": 14, "is_active": true}}, {"model": "mainapp.product", "pk": 18, "fields": {"category": 3, "name": "the absolutely new chair", "price": "17.00", "color": "0", "description": "this chair is added on 09.02.2022 too", "image": "", "quantity": 37, "is_active": true}}, {"model": "authapp.shopuser", "pk": 1, "fields": {"password": "pbkdf2_sha256$216000$a7lgJ60KaGy0$VGQVWWfL52fT4h2OAm7doPfEHrWDh/W8fU/B/I57v0Q=", "last_login": "2022-02-22T08:06:01Z", "is_superuser": true, "first_name": "Gospodin", "last_name": "Mr", "email": "admin@localhost", "is_staff": true, "is_active": true, "date_joined": "2022-01-26T12:17:51Z", "username": "admin", "age": 34, "avatar": "", "phone": "", "city": "Vladivosotok", "activation_key": "", "activation_key_expires": "2022-02-17T18:36:41Z", "groups": [], "user_permissions": []}}, {"model": "authapp.shopuser", "pk": 2, "fields": {"password": "pbkdf2_sha256$216000$4KZ5ZULuMIqL$zJV3eIgzB3LYliBqOBxZ+jNO4DQQpt5sqlqzQTHlXpg=", "last_login": "2022-01-28T04:03:00.509Z", "is_superuser": false, "first_name": "Zina", "last_name": "", "email": "zinaida@mail.com", "is_staff": false, "is_active": true, "date_joined": "2022-01-28T04:02:34.569Z", "username": "Zinaida", "age": 64, "avatar": "users/product-1.jpg", "phone": "251-43-82", "city": "Saratov", "activation_key": "", "activation_key_expires": "2022-02-17T18:36:41.745Z", "groups": [], "user_permissions": []}}, {"model": "authapp.shopuser", "pk": 3, "fields": {"password": "pbkdf2_sha256$216000$JPZVlgPgsjUK$zyjZSCWzd3jcPOzCKe34qNyj+QAxltc3lTDLbKPuVxg=", "last_login": null, "is_superuser": false, "first_name": "Vasiliy", "last_name": "Vasiliev", "email": "vasya@localhost", "is_staff": false, "is_active": true, "date_joined": "2022-02-08T17:39:33Z", "username": "Vasya", "age": 47, "avatar": "", "phone": "229-34-96", "city": "Ufa", "activation_key": "", "activation_key_expires": "2022-02-17T18:36:41.745Z", "groups": [], "user_permissions": []}}, {"model": "authapp.shopuser", "pk": 4, "fields": {"password": "pbkdf2_sha256$216000$eSaUApO6NX83$YEZR0UZvVQueFdMXwBoYsv02qd/GS8ZRkLkHj9cwGCw=", "last_login": null, "is_superuser": false, "first_name": "abdulabdulov", "last_name": "", "email": "abdul@localhost", "is_staff": false, "is_active": false, "date_joined": "2022-02-15T19:15:35.259Z", "username": "abdul", "age": 37, "avatar": "users/logo.png", "phone": "123456", "city": "Kazan", "activation_key": "<md5 HASH object @ 0x0000024B481D0830>", "activation_key_expires": "2022-02-17T19:15:28.427Z", "groups": [], "user_permissions": []}}, {"model": "authapp.shopuser", "pk": 5, "fields": {"password": "pbkdf2_sha256$216000$IwYHko84YPoA$pnPnhf/rUdMtfleue0ZG7BRtg4emP8pTWrVy7EI1J3o=", "last_login": null, "is_superuser": false, "first_name": "Adel", "last_name": "", "email": "aselaida@localhost", "is_staff": false, "is_active": false, "date_joined": "2022-02-16T04:07:08.541Z", "username": "Adelaida", "age": 41, "avatar": "users/google-play.png", "phone": "456789", "city": "Voronezh", "activation_key": "<md5 HASH object @ 0x0000012488702F30>", "activation_key_expires": "2022-02-18T04:05:26.051Z", "groups": [], "user_permissions": []}}, {"model": "authapp.shopuser", "pk": 6, "fields": {"password": "pbkdf2_sha256$216000$GmKBmErbZx4q$GaHtBbSxqY0IEkq6KlgN1fgeaJ0+v0+BLakSR+7POBA=", "last_login": null, "is_superuser": false, "first_name": "Adel2", "last_name": "", "email": "adelaida2@localhost", "is_staff": false, "is_active": false, "date_joined": "2022-02-16T04:13:45.305Z", "username": "Adelaida2", "age": 41, "avatar": "", "phone": "456789", "city": "Voronezh", "activation_key": "<md5 HASH object @ 0x000001D1C0979B90>", "activation_key_expires": "2022-02-18T04:12:01.493Z", "groups": [], "user_permissions": []}}, {"model": "authapp.shopuser", "pk": 7, "fields": {"password": "pbkdf2_sha256$216000$h6woJ1ufIFw1$fl1JTXkLvjUBMgcF8aG9F+zISSiYDj8aD6AFaFv7K6U=", "last_login": null, "is_superuser": false, "first_name": "Adel3", "last_name": "", "email": "adelaida3@localhost", "is_staff": false, "is_active": false, "date_joined": "2022-02-16T04:15:05.219Z", "username": "Adelaida3", "age": 41, "avatar": "", "phone": "4567810", "city": "Voronezh", "activation_key": "<md5 HASH object @ 0x000001FAA8247410>", "activation_key_expires": "2022-02-18T04:14:35.348Z", "groups": [], "user_permissions": []}}, {"model": "authapp.shopuser", "pk": 8, "fields": {"password": "pbkdf2_sha256$216000$loZiFxDtTDKy$KCx7VYKtXsWqFDP0GeTCAiVoGFxMHKW3q7FRyoU+hHw=", "last_login": null, "is_superuser": false, "first_name": "Adel4", "last_name": "", "email": "adelaida4@localhost", "is_staff": false, "is_active": false, "date_joined": "2022-02-16T04:19:46.921Z", "username": "Adelaida4", "age": 42, "avatar": "", "phone": "4567813", "city": "Voronezh2", "activation_key": "<md5 HASH object @ 0x000001716C6C9CB0>", "activation_key_expires": "2022-02-18T04:19:32.763Z", "groups": [], "user_permissions": []}}, {"model": "authapp.shopuser", "pk": 9, "fields": {"password": "pbkdf2_sha256$216000$cL6I5YZRxqly$rd862N8CpuKrAiJu87bvLNtd+r7onjIrBmIARhL0qZQ=", "last_login": null, "is_superuser": false, "first_name": "Adel5", "last_name": "", "email": "adelaida5@localhost", "is_staff": false, "is_active": false, "date_joined": "2022-02-16T04:30:36.356Z", "username": "Adelaida5", "age": 42, "avatar": "", "phone": "4567814", "city": "Arzamas", "activation_key": "<md5 HASH object @ 0x0000017C51D4BA90>", "activation_key_expires": "2022-02-18T04:30:23.872Z", "groups": [], "user_permissions": []}}, {"model": "authapp.shopuser", "pk": 10, "fields": {"password": "pbkdf2_sha256$216000$CcNx1LhCUIx9$MSch5cd7m0IKvgzrgDuGgjHp3ljgskxN8KVIYn3fyCg=", "last_login": null, "is_superuser": false, "first_name": "Borat", "last_name": "", "email": "buratino@localhost", "is_staff": false, "is_active": false, "date_joined": "2022-02-16T04:34:53.357Z", "username": "Buraino", "age": 21, "avatar": "", "phone": "4567815", "city": "Arzamas16", "activation_key": "<md5 HASH object @ 0x0000023A49BBAED0>", "activation_key_expires": "2022-02-18T04:34:02.962Z", "groups": [], "user_permissions": []}}, {"model": "authapp.shopuser", "pk": 11, "fields": {"password": "pbkdf2_sha256$216000$3mH6RMaMCFXG$sWmiMqt6TjaOBotEhMwGAYgrHz/y0Fu0h4Fq6C0qo5I=", "last_login": null, "is_superuser": false, "first_name": "Borat2", "last_name": "", "email": "buratino2@localhost", "is_staff": false, "is_active": false, "date_joined": "2022-02-16T04:37:24.818Z", "username": "Buratino2", "age": 23, "avatar": "users/arrow.png", "phone": "4567816", "city": "Samara", "activation_key": "<md5 HASH object @ 0x000001DECA433F30>", "activation_key_expires": "2022-02-18T04:36:34.951Z", "groups": [], "user_permissions": []}}, {"model": "authapp.shopuser", "pk": 12, "fields": {"password": "pbkdf2_sha256$216000$1MNFWspE1Q0q$KJQDjiaf25+NCvG1JiLEZix4sPNL53ts1PKT0ZBOJ7U=", "last_login": null, "is_superuser": false, "first_name": "Arni", "last_name": "", "email": "arnold@localhost", "is_staff": false, "is_active": false, "date_joined": "2022-02-16T05:28:28.597Z", "username": "Arnold", "age": 47, "avatar": "users/mobile-back.jpg", "phone": "4567817", "city": "Los-Angeles", "activation_key": "ec771eb7dd7be7bd93ef1b3824a3287c", "activation_key_expires": "2022-02-18T05:27:51.772Z", "groups": [], "user_permissions": []}}, {"model": "authapp.shopuser", "pk": 13, "fields": {"password": "pbkdf2_sha256$216000$zY3AgOkuqNyM$Ot+WP8VbK0u86/JjzqWg+8DTDUozvU7G4FBAh5oWyUI=", "last_login": null, "is_superuser": false, "first_name": "Arni2", "last_name": "", "email": "arnold2@localhost", "is_staff": false, "is_active": false, "date_joined": "2022-02-16T05:29:54.220Z", "username": "Arnold2", "age": 48, "avatar": "users/mobile-back_6EXydmK.jpg", "phone": "4567819", "city": "Los-Angeles", "activation_key": "dc1f6f89b8705a481db4fdfdc1eef5ad", "activation_key_expires": "2022-02-18T05:29:27.480Z", "groups": [], "user_permissions": []}}, {"model": "authapp.shopuser", "pk": 14, "fields": {"password": "pbkdf2_sha256$216000$3EOxDPBJoeZU$tyZC/gTuNQsiAQ23azyiS/J8YWZaWiCQ/4uBT6Ygzog=", "last_login": null, "is_superuser": false, "first_name": "Arni3", "last_name": "", "email": "arnold3@localhost", "is_staff": false, "is_active": false, "date_joined": "2022-02-16T05:31:38.275Z", "username": "Arnold3", "age": 49, "avatar": "users/mobile-back_LvWik6E.jpg", "phone": "456782", "city": "Los-Angeles", "activation_key": "1fbbb2e4ce46fbfc606920c6de3aba45", "activation_key_expires": "2022-02-18T05:31:11.475Z", "groups": [], "user_permissions": []}}, {"model": "authapp.shopuser", "pk": 15, "fields": {"password": "pbkdf2_sha256$216000$q08pGlqH37kl$RR4FOoCztU0mRQIRkzddiujKwSoIkeUCEk6HgBzlIEY=", "last_login": null, "is_superuser": false, "first_name": "Arni4", "last_name": "", "email": "arnold4@localhost", "is_staff": false, "is_active": false, "date_joined": "2022-02-16T05:34:45.920Z", "username": "Arnold4", "age": 49, "avatar": "users/mobile-back_mEe93iF.jpg", "phone": "4567821", "city": "Los-Angeles", "activation_key": "37ee2ac87f16f28de73aa28eac44ac87", "activation_key_expires": "2022-02-18T05:34:23.151Z", "groups": [], "user_permissions": []}}, {"model": "authapp.shopuser", "pk": 16, "fields": {"password": "pbkdf2_sha256$216000$AULVLgHBP6Rq$MbykrcCeaZyC33GT728jfPGTDyu0XVceiDEszMU0GSI=", "last_login": "2022-02-16T11:59:36.526Z", "is_superuser": false, "first_name": "Arni5", "last_name": "", "email": "arnold5@localhost", "is_staff": false, "is_active": true, "date_joined": "2022-02-16T05:51:29.243Z", "username": "Arnold5", "age": 43, "avatar": "users/mobile-back_xvtk4Ac.jpg", "phone": "4567822", "city": "Los-Angeles", "activation_key": "01b1e6047184d54cc04a4464c014ff0c", "activation_key_expires": "2022-02-18T05:51:03.030Z", "groups": [], "user_permissions": []}}, {"model": "authapp.shopuser", "pk": 17, "fields": {"password": "pbkdf2_sha256$216000$TSaxcQ0AXjrp$vXUEcyszAwQXgmsqztRePWiSlRvJAVMq+iN6M6TBFV4=", "last_login": null, "is_superuser": false, "first_name": "arniarni", "last_name": "", "email": "arni@localhost", "is_staff": false, "is_active": false, "date_joined": "2022-02-16T12:06:26.126Z", "username": "arni", "age": 41, "avatar": "", "phone": "765432", "city": "Grozniy", "activation_key": "0fe4651dc691b85a9fead5dc90dd5b39", "activation_key_expires": "2022-02-18T12:05:11.682Z", "groups": [], "user_permissions": []}}, {"model": "authapp.shopuser", "pk": 18, "fields": {"password": "pbkdf2_sha256$216000$pOAszrxn3AFw$ioMYzZ3lzYOZ7HPZuuqplIeKu3rqNkDwmh0vEhvrNWQ=", "last_login": null, "is_superuser": false, "first_name": "jacobian", "last_name": "", "email": "jakob@localhost", "is_staff": false, "is_active": false, "date_joined": "2022-02-17T09:31:22.022Z", "username": "jakob", "age": 19, "avatar": "", "phone": "435798", "city": "Omsk", "activation_key": "1519d809a59965dbcadbae24fce65773", "activation_key_expires": "2022-02-19T09:30:09.482Z", "groups": [], "user_permissions": []}}, {"model": "authapp.shopuserprofile", "pk": 1, "fields": {"user": 1, "about": "", "gender": ""}}, {"model": "authapp.shopuserprofile", "pk": 2, "fields": {"user": 2, "about": "", "gender": ""}}, {"model": "authapp.shopuserprofile", "pk": 3, "fields": {"user": 3, "about": "", "gender": ""}}, {"model": "authapp.shopuserprofile", "pk": 4, "fields": {"user": 4, "about": "", "gender": ""}}, {"model": "authapp.shopuserprofile", "pk": 5, "fields": {"user": 5, "about": "", "gender": ""}}, {"model": "authapp.shopuserprofile", "pk": 6, "fields": {"user": 6, "about": "", "gender": ""}}, {"model": "authapp.shopuserprofile", "pk": 7, "fields": {"user": 7, "about": "", "gender": ""}}, {"model": "authapp.shopuserprofile", "pk": 8, "fields": {"user": 8, "about": "", "gender": ""}}, {"model": "authapp.shopuserprofile", "pk": 9, "fields": {"user": 9, "about": "", "gender": ""}}, {"model": "authapp.shopuserprofile", "pk": 10, "fields": {"user": 10, "about": "", "gender": ""}}, {"model": "authapp.shopuserprofile", "pk": 11, "fields": {"user": 11, "about": "", "gender": ""}}, {"model": "authapp.shopuserprofile", "pk": 12, "fields": {"user": 12, "about": "", "gender": ""}}, {"model": "authapp.shopuserprofile", "pk": 13, "fields": {"user": 13, "about": "", "gender": ""}}, {"model": "authapp.shopuserprofile", "pk": 14, "fields": {"user": 14, "about": "", "gender": ""}}, {"model": "authapp.shopuserprofile", "pk": 15, "fields": {"user": 15, "about": "", "gender": ""}}, {"model": "authapp.shopuserprofile", "pk": 16, "fields": {"user": 16, "about": "", "gender": ""}}, {"model": "authapp.shopuserprofile", "pk": 17, "fields": {"user": 17, "about": "", "gender": ""}}, {"model": "authapp.shopuserprofile", "pk": 18, "fields": {"user": 18, "about": "", "gender": ""}}, {"model": "ordersapp.order", "pk": 1, "fields": {"user": 1, "created": "2022-02-23", "updated": "2022-02-23", "status": "CREATED", "is_active": false}}, {"model": "ordersapp.order", "pk": 2, "fields": {"user": 1, "created": "2022-02-23", "updated": "2022-02-23", "status": "CREATED", "is_active": true}}, {"model": "ordersapp.order", "pk": 3, "fields": {"user": 1, "created": "2022-02-23", "updated": "2022-02-23", "status": "CREATED", "is_active": true}}, {"model": "ordersapp.order", "pk": 4, "fields": {"user": 1, "created": "2022-02-23", "updated": "2022-02-23", "status": "CREATED", "is_active": true}}, {"model": "ordersapp.order", "pk": 5, "fields": {"user": 1, "created": "2022-02-23", "updated": "2022-02-24", "status": "CREATED", "is_active": true}}, {"model": "ordersapp.order", "pk": 6, "fields": {"user": 1, "created": "2022-02-24", "updated": "2022-02-25", "status": "CREATED", "is_active": true}}, {"model": "ordersapp.order", "pk": 7, "fields": {"user": 1, "created": "2022-02-24", "updated": "2022-02-24", "status": "CREATED", "is_active": true}}, {"model": "ordersapp.order", "pk": 8, "fields": {"user": 1, "created": "2022-02-24", "updated": "2022-02-24", "status": "IN PROCESSING", "is_active": true}}, {"model": "ordersapp.order", "pk": 9, "fields": {"user": 1, "created": "2022-02-25", "updated": "2022-02-25", "status": "CREATED", "is_active": false}}, {"model": "ordersapp.order", "pk": 10, "fields": {"user": 1, "created": "2022-02-25", "updated": "2022-02-25", "status": "CREATED", "is_active": true}}, {"model": "ordersapp.order", "pk": 11, "fields": {"user": 1, "created": "2022-02-25", "updated": "2022-02-25", "status": "CREATED", "is_active": true}}, {"model": "ordersapp.order", "pk": 12, "fields": {"user": 1, "created": "2022-02-25", "updated": "2022-02-25", "status": "CREATED", "is_active": false}}, {"model": "ordersapp.order", "pk": 13, "fields": {"user": 1, "created": "2022-02-25", "updated": "2022-02-25", "status": "CREATED", "is_active": true}}, {"model": "ordersapp.order", "pk": 14, "fields": {"user": 1, "created": "2022-02-25", "updated": "2022-02-25", "status": "CREATED", "is_active": true}}, {"model": "ordersapp.order", "pk": 15, "fields": {"user": 1, "created": "2022-02-25", "updated": "2022-02-25", "status": "CREATED", "is_active": true}}, {"model": "ordersapp.order", "pk": 16, "fields": {"user": 1, "created": "2022-02-25", "updated": "2022-02-25", "status": "CREATED", "is_active": true}}, {"model": "ordersapp.order", "pk": 17, "fields": {"user": 1, "created": "2022-02-26", "updated": "2022-02-26", "status": "CREATED", "is_active": true}}, {"model": "ordersapp.orderitem", "pk": 1, "fields": {"orders": 1, "product": 5, "quantity": 2}}, {"model": "ordersapp.orderitem", "pk": 2, "fields": {"orders": 2, "product": 5, "quantity": 2}}, {"model": "ordersapp.orderitem", "pk": 3, "fields": {"orders": 3, "product": 5, "quantity": 2}}, {"model": "ordersapp.orderitem", "pk": 4, "fields": {"orders": 4, "product": 5, "quantity": 2}}, {"model": "ordersapp.orderitem", "pk": 5, "fields": {"orders": 5, "product": 5, "quantity": 2}}, {"model": "ordersapp.orderitem", "pk": 6, "fields": {"orders": 6, "product": 4, "quantity": 1}}, {"model": "ordersapp.orderitem", "pk": 7, "fields": {"orders": 6, "product": 10, "quantity": 1}}, {"model": "ordersapp.orderitem", "pk": 8, "fields": {"orders": 6, "product": 7, "quantity": 3}}, {"model": "ordersapp.orderitem", "pk": 9, "fields": {"orders": 7, "product": 12, "quantity": 1}}, {"model": "ordersapp.orderitem", "pk": 10, "fields": {"orders": 7, "product": 10, "quantity": 1}}, {"model": "ordersapp.orderitem", "pk": 11, "fields": {"orders": 5, "product": 4, "quantity": 3}}, {"model": "ordersapp.orderitem", "pk": 12, "fields": {"orders": 5, "product": 4, "quantity": 3}}, {"model": "ordersapp.orderitem", "pk": 13, "fields": {"orders": 8, "product": 12, "quantity": 4}}, {"model": "ordersapp.orderitem", "pk": 14, "fields": {"orders": 8, "product": 11, "quantity": 3}}, {"model": "ordersapp.orderitem", "pk": 15, "fields": {"orders": 9, "product": 10, "quantity": 1}}, {"model": "ordersapp.orderitem", "pk": 16, "fields": {"orders": 10, "product": 7, "quantity": 1}}, {"model": "ordersapp.orderitem", "pk": 17, "fields": {"orders": 11, "product": 7, "quantity": 4}}, {"model": "ordersapp.orderitem", "pk": 18, "fields": {"orders": 12, "product": 7, "quantity": 0}}, {"model": "ordersapp.orderitem", "pk": 19, "fields": {"orders": 12, "product": 8, "quantity": 4}}, {"model": "ordersapp.orderitem", "pk": 20, "fields": {"orders": 13, "product": 7, "quantity": 4}}, {"model": "ordersapp.orderitem", "pk": 21, "fields": {"orders": 14, "product": 7, "quantity": 5}}, {"model": "ordersapp.orderitem", "pk": 22, "fields": {"orders": 15, "product": 7, "quantity": 8}}, {"model": "ordersapp.orderitem", "pk": 23, "fields": {"orders": 16, "product": 8, "quantity": 0}}, {"model": "ordersapp.orderitem", "pk": 24, "fields": {"orders": 16, "product": 7, "quantity": 4}}, {"model": "ordersapp.orderitem", "pk": 25, "fields": {"orders": 17, "product": 7, "quantity": 1}}]